iter	MultiClass
0	1.785637768
1	1.778251624
2	1.766982873
3	1.756096522
4	1.742484323
5	1.732985477
